Entity,Year,Prevalence - Mental disorders - Sex: Both - Age: Age-standardized (Percent)
Western Europe,1990,15.80379809
Western Europe,1991,15.77437024
Western Europe,1992,15.74784679
Western Europe,1993,15.72510465
Western Europe,1994,15.70531236
Western Europe,1995,15.68807348
Western Europe,1996,15.6788658
Western Europe,1997,15.67982676
Western Europe,1998,15.68388596
Western Europe,1999,15.68895242
Western Europe,2000,15.68990786
Western Europe,2001,15.68973442
Western Europe,2002,15.69101982
Western Europe,2003,15.6940031
Western Europe,2004,15.6999088
Western Europe,2005,15.70620475
Western Europe,2006,15.73576063
Western Europe,2007,15.79671732
Western Europe,2008,15.87030236
Western Europe,2009,15.93462161
Western Europe,2010,15.97222131
Western Europe,2011,15.99113163
Western Europe,2012,16.01223018
Western Europe,2013,16.02937334
Western Europe,2014,16.04247846
Western Europe,2015,16.04803359
Western Europe,2016,16.02464824
Western Europe,2017,15.99739179
Western Europe,2018,15.96696091
Western Europe,2019,15.91311566
Western Pacific Region,1990,11.53311909
Western Pacific Region,1991,11.62143402
Western Pacific Region,1992,11.69538838
Western Pacific Region,1993,11.75276738
Western Pacific Region,1994,11.78871827
Western Pacific Region,1995,11.80026453
Western Pacific Region,1996,11.79434635
Western Pacific Region,1997,11.78190701
Western Pacific Region,1998,11.76280089
Western Pacific Region,1999,11.73835085
Western Pacific Region,2000,11.70757758
Western Pacific Region,2001,11.66492435
Western Pacific Region,2002,11.60688067
Western Pacific Region,2003,11.54496429
Western Pacific Region,2004,11.48887416
Western Pacific Region,2005,11.44979504
Western Pacific Region,2006,11.42207829
Western Pacific Region,2007,11.39254346
Western Pacific Region,2008,11.36383206
Western Pacific Region,2009,11.33800868
Western Pacific Region,2010,11.31642512
Western Pacific Region,2011,11.29110618
Western Pacific Region,2012,11.25810478
Western Pacific Region,2013,11.22569668
Western Pacific Region,2014,11.20196866
Western Pacific Region,2015,11.19575053
Western Pacific Region,2016,11.23081087
Western Pacific Region,2017,11.26891947
Western Pacific Region,2018,11.26197859
Western Pacific Region,2019,11.22492983
Western sub-Saharan Africa,1990,11.31130829
Western sub-Saharan Africa,1991,11.30794511
Western sub-Saharan Africa,1992,11.30823767
Western sub-Saharan Africa,1993,11.31110287
Western sub-Saharan Africa,1994,11.31609951
Western sub-Saharan Africa,1995,11.32134137
Western sub-Saharan Africa,1996,11.3457107
Western sub-Saharan Africa,1997,11.39626236
Western sub-Saharan Africa,1998,11.4545405
Western sub-Saharan Africa,1999,11.50468366
Western sub-Saharan Africa,2000,11.52835126
Western sub-Saharan Africa,2001,11.53387905
Western sub-Saharan Africa,2002,11.53771854
Western sub-Saharan Africa,2003,11.54026237
Western sub-Saharan Africa,2004,11.54101299
Western sub-Saharan Africa,2005,11.53835232
Western sub-Saharan Africa,2006,11.53084908
Western sub-Saharan Africa,2007,11.51793467
Western sub-Saharan Africa,2008,11.49807816
Western sub-Saharan Africa,2009,11.47065828
Western sub-Saharan Africa,2010,11.43482795
Western sub-Saharan Africa,2011,11.3824913
Western sub-Saharan Africa,2012,11.31808605
Western sub-Saharan Africa,2013,11.25360391
Western sub-Saharan Africa,2014,11.20405394
Western sub-Saharan Africa,2015,11.1826851
Western sub-Saharan Africa,2016,11.18590068
Western sub-Saharan Africa,2017,11.19258583
Western sub-Saharan Africa,2018,11.19097872
Western sub-Saharan Africa,2019,11.18402603
World,1990,12.98991834
World,1991,13.03219722
World,1992,13.06810984
World,1993,13.09622229
World,1994,13.11387356
World,1995,13.11882698
World,1996,13.12206176
World,1997,13.13164475
World,1998,13.14189263
World,1999,13.14870241
World,2000,13.1469665
World,2001,13.13829474
World,2002,13.12614242
World,2003,13.11170579
World,2004,13.09632686
World,2005,13.08026661
World,2006,13.0554491
World,2007,13.0184859
World,2008,12.97736116
World,2009,12.94000717
World,2010,12.91368637
World,2011,12.89142986
World,2012,12.86310906
World,2013,12.83448609
World,2014,12.81143144
World,2015,12.79970023
World,2016,12.80480979
World,2017,12.81156445
World,2018,12.80747844
World,2019,12.7981451
World Bank High Income,1990,14.35723044
World Bank High Income,1991,14.387759
World Bank High Income,1992,14.42112428
World Bank High Income,1993,14.45532444
World Bank High Income,1994,14.48840986
World Bank High Income,1995,14.5175583
World Bank High Income,1996,14.57647961
World Bank High Income,1997,14.6797092
World Bank High Income,1998,14.79537606
World Bank High Income,1999,14.89443307
World Bank High Income,2000,14.9433807
World Bank High Income,2001,14.94611635
World Bank High Income,2002,14.9310686
World Bank High Income,2003,14.9072289
World Bank High Income,2004,14.88530383
World Bank High Income,2005,14.8715112
World Bank High Income,2006,14.87931571
World Bank High Income,2007,14.90516184
World Bank High Income,2008,14.93646022
World Bank High Income,2009,14.96221398
World Bank High Income,2010,14.97119413
World Bank High Income,2011,14.9510974
World Bank High Income,2012,14.91090297
World Bank High Income,2013,14.86517608
World Bank High Income,2014,14.82847328
World Bank High Income,2015,14.81323936
World Bank High Income,2016,14.80071036
World Bank High Income,2017,14.79281956
World Bank High Income,2018,14.8329254
World Bank High Income,2019,14.9169968
World Bank Income Levels,1990,12.98942831
World Bank Income Levels,1991,13.03174006
World Bank Income Levels,1992,13.0676835
World Bank Income Levels,1993,13.09582272
World Bank Income Levels,1994,13.11349498
World Bank Income Levels,1995,13.11846062
World Bank Income Levels,1996,13.12170517
World Bank Income Levels,1997,13.1312997
World Bank Income Levels,1998,13.14155801
World Bank Income Levels,1999,13.14837554
World Bank Income Levels,2000,13.14664214
World Bank Income Levels,2001,13.13796752
World Bank Income Levels,2002,13.12580716
World Bank Income Levels,2003,13.11136028
World Bank Income Levels,2004,13.09597056
World Bank Income Levels,2005,13.07990234
World Bank Income Levels,2006,13.0550741
World Bank Income Levels,2007,13.01809296
World Bank Income Levels,2008,12.97694775
World Bank Income Levels,2009,12.93957586
World Bank Income Levels,2010,12.91324632
World Bank Income Levels,2011,12.89098289
World Bank Income Levels,2012,12.86264796
World Bank Income Levels,2013,12.83400987
World Bank Income Levels,2014,12.8109433
World Bank Income Levels,2015,12.79920768
World Bank Income Levels,2016,12.804326
World Bank Income Levels,2017,12.81108962
World Bank Income Levels,2018,12.80699623
World Bank Income Levels,2019,12.79764692
World Bank Low Income,1990,12.94755973
World Bank Low Income,1991,12.96820336
World Bank Low Income,1992,12.99856071
World Bank Low Income,1993,13.02198513
World Bank Low Income,1994,13.04061501
World Bank Low Income,1995,13.06133117
World Bank Low Income,1996,13.08894475
World Bank Low Income,1997,13.12264449
World Bank Low Income,1998,13.15182352
World Bank Low Income,1999,13.17303766
World Bank Low Income,2000,13.18343529
World Bank Low Income,2001,13.18643928
World Bank Low Income,2002,13.1888454
World Bank Low Income,2003,13.18394117
World Bank Low Income,2004,13.176951
World Bank Low Income,2005,13.168759
World Bank Low Income,2006,13.15521421
World Bank Low Income,2007,13.13612063
World Bank Low Income,2008,13.11441833
World Bank Low Income,2009,13.09289218
World Bank Low Income,2010,13.07532723
World Bank Low Income,2011,13.05816826
World Bank Low Income,2012,13.03850307
World Bank Low Income,2013,13.01836611
World Bank Low Income,2014,13.00022055
World Bank Low Income,2015,12.98814881
World Bank Low Income,2016,12.98570558
World Bank Low Income,2017,12.9861416
World Bank Low Income,2018,12.98641093
World Bank Low Income,2019,12.9890735
World Bank Lower Middle Income,1990,13.26136541
World Bank Lower Middle Income,1991,13.30138431
World Bank Lower Middle Income,1992,13.33223246
World Bank Lower Middle Income,1993,13.3521526
World Bank Lower Middle Income,1994,13.35861597
World Bank Lower Middle Income,1995,13.34864806
World Bank Lower Middle Income,1996,13.31715545
World Bank Lower Middle Income,1997,13.2685793
World Bank Lower Middle Income,1998,13.21512581
World Bank Lower Middle Income,1999,13.16964895
World Bank Lower Middle Income,2000,13.14474669
World Bank Lower Middle Income,2001,13.14523565
World Bank Lower Middle Income,2002,13.16044594
World Bank Lower Middle Income,2003,13.18145701
World Bank Lower Middle Income,2004,13.19817398
World Bank Lower Middle Income,2005,13.20051891
World Bank Lower Middle Income,2006,13.16604699
World Bank Lower Middle Income,2007,13.09728404
World Bank Lower Middle Income,2008,13.01617156
World Bank Lower Middle Income,2009,12.94463764
World Bank Lower Middle Income,2010,12.90340079
World Bank Lower Middle Income,2011,12.88830522
World Bank Lower Middle Income,2012,12.87872232
World Bank Lower Middle Income,2013,12.8714262
World Bank Lower Middle Income,2014,12.86390569
World Bank Lower Middle Income,2015,12.85345919
World Bank Lower Middle Income,2016,12.83838662
World Bank Lower Middle Income,2017,12.82363184
World Bank Lower Middle Income,2018,12.8003512
World Bank Lower Middle Income,2019,12.76550449
World Bank Regions,1990,12.98999516
World Bank Regions,1991,13.03230665
World Bank Regions,1992,13.06824739
World Bank Regions,1993,13.09637995
World Bank Regions,1994,13.11404276
World Bank Regions,1995,13.11899942
World Bank Regions,1996,13.12223849
World Bank Regions,1997,13.13185061
World Bank Regions,1998,13.14212965
World Bank Regions,1999,13.14892405
World Bank Regions,2000,13.14716109
World Bank Regions,2001,13.13848543
World Bank Regions,2002,13.12632587
World Bank Regions,2003,13.11187424
World Bank Regions,2004,13.09647991
World Bank Regions,2005,13.08040565
World Bank Regions,2006,13.05557152
World Bank Regions,2007,13.01858399
World Bank Regions,2008,12.97743056
World Bank Regions,2009,12.94005008
World Bank Regions,2010,12.91371303
World Bank Regions,2011,12.89144172
World Bank Regions,2012,12.86309542
World Bank Regions,2013,12.83444504
World Bank Regions,2014,12.81136741
World Bank Regions,2015,12.79962525
World Bank Regions,2016,12.8047457
World Bank Regions,2017,12.81151064
World Bank Regions,2018,12.80741258
World Bank Regions,2019,12.79805705
World Bank Upper Middle Income,1990,12.33742574
World Bank Upper Middle Income,1991,12.41472248
World Bank Upper Middle Income,1992,12.48038499
World Bank Upper Middle Income,1993,12.5353615
World Bank Upper Middle Income,1994,12.57533744
World Bank Upper Middle Income,1995,12.59683593
World Bank Upper Middle Income,1996,12.61630543
World Bank Upper Middle Income,1997,12.64789052
World Bank Upper Middle Income,1998,12.68284142
World Bank Upper Middle Income,1999,12.71191325
World Bank Upper Middle Income,2000,12.72514814
World Bank Upper Middle Income,2001,12.72111617
World Bank Upper Middle Income,2002,12.70739
World Bank Upper Middle Income,2003,12.68884753
World Bank Upper Middle Income,2004,12.66948943
World Bank Upper Middle Income,2005,12.65418045
World Bank Upper Middle Income,2006,12.63577977
World Bank Upper Middle Income,2007,12.6080247
World Bank Upper Middle Income,2008,12.57752626
World Bank Upper Middle Income,2009,12.55125371
World Bank Upper Middle Income,2010,12.53661984
World Bank Upper Middle Income,2011,12.52042773
World Bank Upper Middle Income,2012,12.49064251
World Bank Upper Middle Income,2013,12.45902195
World Bank Upper Middle Income,2014,12.43694817
World Bank Upper Middle Income,2015,12.43695608
World Bank Upper Middle Income,2016,12.48114489
World Bank Upper Middle Income,2017,12.52572287
World Bank Upper Middle Income,2018,12.52606255
World Bank Upper Middle Income,2019,12.50039837
WHO region,1990,12.98970316
WHO region,1991,13.03203464
WHO region,1992,13.06799519
WHO region,1993,13.09614102
WHO region,1994,13.11382032
WHO region,1995,13.11878194
WHO region,1996,13.12200858
WHO region,1997,13.1315671
WHO region,1998,13.14176375
WHO region,1999,13.14851517
WHO region,2000,13.14670786
WHO region,2001,13.13797828
WHO region,2002,13.12577759
WHO region,2003,13.11128712
WHO region,2004,13.0958335
WHO region,2005,13.07965856
WHO region,2006,13.05469268
WHO region,2007,13.0175722
WHO region,2008,12.97628467
WHO region,2009,12.9387809
WHO region,2010,12.91233101
WHO region,2011,12.88997837
WHO region,2012,12.86158838
WHO region,2013,12.8329168
WHO region,2014,12.80982567
WHO region,2015,12.79806161
WHO region,2016,12.80319705
WHO region,2017,12.80995189
WHO region,2018,12.80570809
WHO region,2019,12.79611289
Tropical Latin America,1990,15.48705954
Tropical Latin America,1991,15.48843453
Tropical Latin America,1992,15.50629779
Tropical Latin America,1993,15.53320366
Tropical Latin America,1994,15.56229667
Tropical Latin America,1995,15.59053052
Tropical Latin America,1996,15.74029444
Tropical Latin America,1997,16.07135133
Tropical Latin America,1998,16.4864
Tropical Latin America,1999,16.88913414
Tropical Latin America,2000,17.18514738
Tropical Latin America,2001,17.42333384
Tropical Latin America,2002,17.68310206
Tropical Latin America,2003,17.92271257
Tropical Latin America,2004,18.10193484
Tropical Latin America,2005,18.179296
Tropical Latin America,2006,18.1351496
Tropical Latin America,2007,18.00657201
Tropical Latin America,2008,17.84261125
Tropical Latin America,2009,17.69207095
Tropical Latin America,2010,17.60619992
Tropical Latin America,2011,17.49040043
Tropical Latin America,2012,17.26556391
Tropical Latin America,2013,17.00699739
Tropical Latin America,2014,16.79132466
Tropical Latin America,2015,16.69540643
Tropical Latin America,2016,16.6856773
Tropical Latin America,2017,16.6796162
Tropical Latin America,2018,16.6840405
Tropical Latin America,2019,16.69341245
Sub-Saharan Africa,1990,12.30411593
Sub-Saharan Africa,1991,12.30603259
Sub-Saharan Africa,1992,12.30855768
Sub-Saharan Africa,1993,12.31187573
Sub-Saharan Africa,1994,12.31910798
Sub-Saharan Africa,1995,12.32802326
Sub-Saharan Africa,1996,12.34722994
Sub-Saharan Africa,1997,12.37872896
Sub-Saharan Africa,1998,12.41198072
Sub-Saharan Africa,1999,12.43999522
Sub-Saharan Africa,2000,12.45212939
Sub-Saharan Africa,2001,12.45110258
Sub-Saharan Africa,2002,12.44513774
Sub-Saharan Africa,2003,12.43664297
Sub-Saharan Africa,2004,12.42726515
Sub-Saharan Africa,2005,12.41761794
Sub-Saharan Africa,2006,12.40537731
Sub-Saharan Africa,2007,12.3866396
Sub-Saharan Africa,2008,12.36303871
Sub-Saharan Africa,2009,12.33737627
Sub-Saharan Africa,2010,12.31066489
Sub-Saharan Africa,2011,12.27959495
Sub-Saharan Africa,2012,12.24362822
Sub-Saharan Africa,2013,12.2078447
Sub-Saharan Africa,2014,12.18022194
Sub-Saharan Africa,2015,12.16699167
Sub-Saharan Africa,2016,12.17228171
Sub-Saharan Africa,2017,12.17940607
Sub-Saharan Africa,2018,12.17699926
Sub-Saharan Africa,2019,12.17033192
Sub-Saharan Africa - WB,1990,12.47607367
Sub-Saharan Africa - WB,1991,12.47984264
Sub-Saharan Africa - WB,1992,12.48366934
Sub-Saharan Africa - WB,1993,12.48746248
Sub-Saharan Africa - WB,1994,12.49393906
Sub-Saharan Africa - WB,1995,12.50139825
Sub-Saharan Africa - WB,1996,12.51905074
Sub-Saharan Africa - WB,1997,12.54865563
Sub-Saharan Africa - WB,1998,12.57938041
Sub-Saharan Africa - WB,1999,12.60483394
Sub-Saharan Africa - WB,2000,12.61446735
Sub-Saharan Africa - WB,2001,12.6107909
Sub-Saharan Africa - WB,2002,12.60130614
Sub-Saharan Africa - WB,2003,12.5896492
Sub-Saharan Africa - WB,2004,12.57763442
Sub-Saharan Africa - WB,2005,12.56588253
Sub-Saharan Africa - WB,2006,12.55159123
Sub-Saharan Africa - WB,2007,12.53126866
Sub-Saharan Africa - WB,2008,12.50637622
Sub-Saharan Africa - WB,2009,12.47909778
Sub-Saharan Africa - WB,2010,12.45056614
Sub-Saharan Africa - WB,2011,12.41853518
Sub-Saharan Africa - WB,2012,12.38211863
Sub-Saharan Africa - WB,2013,12.3462225
Sub-Saharan Africa - WB,2014,12.31838122
Sub-Saharan Africa - WB,2015,12.3050331
Sub-Saharan Africa - WB,2016,12.3097078
Sub-Saharan Africa - WB,2017,12.31572589
Sub-Saharan Africa - WB,2018,12.31271215
Sub-Saharan Africa - WB,2019,12.30603998
South-East Asia Region,1990,13.52193172
South-East Asia Region,1991,13.57472308
South-East Asia Region,1992,13.61593157
South-East Asia Region,1993,13.64333575
South-East Asia Region,1994,13.65341976
South-East Asia Region,1995,13.64237225
South-East Asia Region,1996,13.60235802
South-East Asia Region,1997,13.53761472
South-East Asia Region,1998,13.46682634
South-East Asia Region,1999,13.40768373
South-East Asia Region,2000,13.37940194
South-East Asia Region,2001,13.3888932
South-East Asia Region,2002,13.42151107
South-East Asia Region,2003,13.46263311
South-East Asia Region,2004,13.49731245
South-East Asia Region,2005,13.50979393
South-East Asia Region,2006,13.46919054
South-East Asia Region,2007,13.37980069
South-East Asia Region,2008,13.27308828
South-East Asia Region,2009,13.1813025
South-East Asia Region,2010,13.13492347
South-East Asia Region,2011,13.12771603
South-East Asia Region,2012,13.1261149
South-East Asia Region,2013,13.12645899
South-East Asia Region,2014,13.12400093
South-East Asia Region,2015,13.11480704
South-East Asia Region,2016,13.0973272
South-East Asia Region,2017,13.07730939
South-East Asia Region,2018,13.03811278
South-East Asia Region,2019,12.97374681
Southeast Asia,1990,11.56863862
Southeast Asia,1991,11.53388415
Southeast Asia,1992,11.5006002
Southeast Asia,1993,11.46888889
Southeast Asia,1994,11.43846816
Southeast Asia,1995,11.4116341
Southeast Asia,1996,11.38553012
Southeast Asia,1997,11.35966727
Southeast Asia,1998,11.33497606
Southeast Asia,1999,11.31267084
Southeast Asia,2000,11.29286004
Southeast Asia,2001,11.28054082
Southeast Asia,2002,11.27647158
Southeast Asia,2003,11.27590542
Southeast Asia,2004,11.27302774
Southeast Asia,2005,11.25982758
Southeast Asia,2006,11.23427995
Southeast Asia,2007,11.20035273
Southeast Asia,2008,11.15987995
Southeast Asia,2009,11.11708397
Southeast Asia,2010,11.08164329
Southeast Asia,2011,11.06091201
Southeast Asia,2012,11.04980494
Southeast Asia,2013,11.04435213
Southeast Asia,2014,11.03662005
Southeast Asia,2015,11.02652466
Southeast Asia,2016,11.00820316
Southeast Asia,2017,10.99093583
Southeast Asia,2018,10.98695337
Southeast Asia,2019,10.99761078
"Southeast Asia, East Asia, and Oceania",1990,11.58971339
"Southeast Asia, East Asia, and Oceania",1991,11.66795051
"Southeast Asia, East Asia, and Oceania",1992,11.73236029
"Southeast Asia, East Asia, and Oceania",1993,11.78054137
"Southeast Asia, East Asia, and Oceania",1994,11.80838009
"Southeast Asia, East Asia, and Oceania",1995,11.8140738
"Southeast Asia, East Asia, and Oceania",1996,11.80171012
"Southeast Asia, East Asia, and Oceania",1997,11.78143413
"Southeast Asia, East Asia, and Oceania",1998,11.7545126
"Southeast Asia, East Asia, and Oceania",1999,11.72350994
"Southeast Asia, East Asia, and Oceania",2000,11.68912879
"Southeast Asia, East Asia, and Oceania",2001,11.64514017
"Southeast Asia, East Asia, and Oceania",2002,11.5880625
"Southeast Asia, East Asia, and Oceania",2003,11.52721292
"Southeast Asia, East Asia, and Oceania",2004,11.47145813
"Southeast Asia, East Asia, and Oceania",2005,11.43005234
"Southeast Asia, East Asia, and Oceania",2006,11.39730739
"Southeast Asia, East Asia, and Oceania",2007,11.36220649
"Southeast Asia, East Asia, and Oceania",2008,11.32568096
"Southeast Asia, East Asia, and Oceania",2009,11.28995063
"Southeast Asia, East Asia, and Oceania",2010,11.25883524
"Southeast Asia, East Asia, and Oceania",2011,11.22589462
"Southeast Asia, East Asia, and Oceania",2012,11.18651783
"Southeast Asia, East Asia, and Oceania",2013,11.1487125
"Southeast Asia, East Asia, and Oceania",2014,11.1190033
"Southeast Asia, East Asia, and Oceania",2015,11.10710368
"Southeast Asia, East Asia, and Oceania",2016,11.13857174
"Southeast Asia, East Asia, and Oceania",2017,11.17299632
"Southeast Asia, East Asia, and Oceania",2018,11.16481984
"Southeast Asia, East Asia, and Oceania",2019,11.1338948
Southern Latin America,1990,14.28338086
Southern Latin America,1991,14.29122872
Southern Latin America,1992,14.29901352
Southern Latin America,1993,14.30560455
Southern Latin America,1994,14.30927061
Southern Latin America,1995,14.30806282
Southern Latin America,1996,14.30357554
Southern Latin America,1997,14.29294587
Southern Latin America,1998,14.2806765
Southern Latin America,1999,14.27030712
Southern Latin America,2000,14.2691436
Southern Latin America,2001,14.28690975
Southern Latin America,2002,14.32063789
Southern Latin America,2003,14.36083514
Southern Latin America,2004,14.39246392
Southern Latin America,2005,14.40456412
Southern Latin America,2006,14.36993324
Southern Latin America,2007,14.28090759
Southern Latin America,2008,14.17887039
Southern Latin America,2009,14.0937256
Southern Latin America,2010,14.0608209
Southern Latin America,2011,14.06494183
Southern Latin America,2012,14.07170187
Southern Latin America,2013,14.08257572
Southern Latin America,2014,14.08961924
Southern Latin America,2015,14.09627811
Southern Latin America,2016,14.10130458
Southern Latin America,2017,14.10186054
Southern Latin America,2018,14.0932086
Southern Latin America,2019,14.06753481
Southern sub-Saharan Africa,1990,11.64106729
Southern sub-Saharan Africa,1991,11.61433343
Southern sub-Saharan Africa,1992,11.59034023
Southern sub-Saharan Africa,1993,11.57066343
Southern sub-Saharan Africa,1994,11.55775253
Southern sub-Saharan Africa,1995,11.55362754
Southern sub-Saharan Africa,1996,11.55991844
Southern sub-Saharan Africa,1997,11.57595883
Southern sub-Saharan Africa,1998,11.5942222
Southern sub-Saharan Africa,1999,11.61147311
Southern sub-Saharan Africa,2000,11.62092113
Southern sub-Saharan Africa,2001,11.62167626
Southern sub-Saharan Africa,2002,11.61883826
Southern sub-Saharan Africa,2003,11.61695827
Southern sub-Saharan Africa,2004,11.61857682
Southern sub-Saharan Africa,2005,11.62630114
Southern sub-Saharan Africa,2006,11.64095628
Southern sub-Saharan Africa,2007,11.65899644
Southern sub-Saharan Africa,2008,11.67745196
Southern sub-Saharan Africa,2009,11.6978508
Southern sub-Saharan Africa,2010,11.71640685
Southern sub-Saharan Africa,2011,11.73972775
Southern sub-Saharan Africa,2012,11.76888627
Southern sub-Saharan Africa,2013,11.80247755
Southern sub-Saharan Africa,2014,11.8328283
Southern sub-Saharan Africa,2015,11.85841123
Southern sub-Saharan Africa,2016,11.91149514
Southern sub-Saharan Africa,2017,11.95463678
Southern sub-Saharan Africa,2018,11.94245554
Southern sub-Saharan Africa,2019,11.90268951
South Asia,1990,14.01129747
South Asia,1991,14.0818057
South Asia,1992,14.13818529
South Asia,1993,14.17730028
South Asia,1994,14.1946832
South Asia,1995,14.18495064
South Asia,1996,14.13973218
South Asia,1997,14.06597625
South Asia,1998,13.9851769
South Asia,1999,13.91764403
South Asia,2000,13.88570216
South Asia,2001,13.89663369
South Asia,2002,13.93322589
South Asia,2003,13.979312
South Asia,2004,14.01814229
South Asia,2005,14.03333263
South Asia,2006,13.98906061
South Asia,2007,13.88865146
South Asia,2008,13.76794579
South Asia,2009,13.665084
South Asia,2010,13.61656537
South Asia,2011,13.61359426
South Asia,2012,13.61729471
South Asia,2013,13.62199918
South Asia,2014,13.62382823
South Asia,2015,13.61555489
South Asia,2016,13.59655036
South Asia,2017,13.57478305
South Asia,2018,13.53283483
South Asia,2019,13.4631587
South Asia - WB,1990,14.00644539
South Asia - WB,1991,14.07857551
South Asia - WB,1992,14.13878159
South Asia - WB,1993,14.18076406
South Asia - WB,1994,14.19970766
South Asia - WB,1995,14.19240755
South Asia - WB,1996,14.15092693
South Asia - WB,1997,14.08169254
South Asia - WB,1998,14.00452485
South Asia - WB,1999,13.93901104
South Asia - WB,2000,13.90786901
South Asia - WB,2001,13.9195645
South Asia - WB,2002,13.9576832
South Asia - WB,2003,14.00416375
South Asia - WB,2004,14.04320439
South Asia - WB,2005,14.05900698
South Asia - WB,2006,14.01556986
South Asia - WB,2007,13.91749712
South Asia - WB,2008,13.79963541
South Asia - WB,2009,13.69902729
South Asia - WB,2010,13.65210814
South Asia - WB,2011,13.64976533
South Asia - WB,2012,13.65406394
South Asia - WB,2013,13.65942013
South Asia - WB,2014,13.66149709
South Asia - WB,2015,13.65409877
South Asia - WB,2016,13.63729789
South Asia - WB,2017,13.61820841
South Asia - WB,2018,13.5794771
South Asia - WB,2019,13.51434054
Region of the Americas,1990,14.37268633
Region of the Americas,1991,14.44026367
Region of the Americas,1992,14.50904067
Region of the Americas,1993,14.57440087
Region of the Americas,1994,14.6332438
Region of the Americas,1995,14.68044078
Region of the Americas,1996,14.79143059
Region of the Americas,1997,14.99793906
Region of the Americas,1998,15.23720941
Region of the Americas,1999,15.44828909
Region of the Americas,2000,15.56915028
Region of the Americas,2001,15.61676185
Region of the Americas,2002,15.64703104
Region of the Americas,2003,15.66158482
Region of the Americas,2004,15.66217595
Region of the Americas,2005,15.64802611
Region of the Americas,2006,15.61723687
Region of the Americas,2007,15.57011058
Region of the Americas,2008,15.51624357
Region of the Americas,2009,15.46364165
Region of the Americas,2010,15.42162052
Region of the Americas,2011,15.35315189
Region of the Americas,2012,15.23509019
Region of the Americas,2013,15.10459965
Region of the Americas,2014,14.9968782
Region of the Americas,2015,14.94653831
Region of the Americas,2016,14.96550968
Region of the Americas,2017,14.99114636
Region of the Americas,2018,15.04199441
Region of the Americas,2019,15.14687903
OECD Countries,1990,14.15654541
OECD Countries,1991,14.18185107
OECD Countries,1992,14.20938262
OECD Countries,1993,14.23744176
OECD Countries,1994,14.26465135
OECD Countries,1995,14.28782383
OECD Countries,1996,14.34435968
OECD Countries,1997,14.44987643
OECD Countries,1998,14.57103379
OECD Countries,1999,14.67629121
OECD Countries,2000,14.73094882
OECD Countries,2001,14.74130644
OECD Countries,2002,14.73740411
OECD Countries,2003,14.72522779
OECD Countries,2004,14.71330163
OECD Countries,2005,14.70460031
OECD Countries,2006,14.71500908
OECD Countries,2007,14.74408223
OECD Countries,2008,14.77937541
OECD Countries,2009,14.80742055
OECD Countries,2010,14.81487975
OECD Countries,2011,14.79376134
OECD Countries,2012,14.75238752
OECD Countries,2013,14.70443825
OECD Countries,2014,14.66455959
OECD Countries,2015,14.64604772
OECD Countries,2016,14.63460348
OECD Countries,2017,14.62724065
OECD Countries,2018,14.65845945
OECD Countries,2019,14.7280947
Oceania,1990,11.87678725
Oceania,1991,11.87346233
Oceania,1992,11.87044807
Oceania,1993,11.86617813
Oceania,1994,11.86193193
Oceania,1995,11.86273516
Oceania,1996,11.86087183
Oceania,1997,11.8587715
Oceania,1998,11.85393806
Oceania,1999,11.85373368
Oceania,2000,11.85212353
Oceania,2001,11.85441231
Oceania,2002,11.86292979
Oceania,2003,11.8730662
Oceania,2004,11.88464897
Oceania,2005,11.89121623
Oceania,2006,11.89478491
Oceania,2007,11.90595777
Oceania,2008,11.91483577
Oceania,2009,11.92419617
Oceania,2010,11.92987184
Oceania,2011,11.93235782
Oceania,2012,11.93336266
Oceania,2013,11.93257726
Oceania,2014,11.92642084
Oceania,2015,11.91945099
Oceania,2016,11.90027464
Oceania,2017,11.87873685
Oceania,2018,11.87796729
Oceania,2019,11.88618431
Northern Ireland,1990,16.1944221
Northern Ireland,1991,16.18062499
Northern Ireland,1992,16.18114643
Northern Ireland,1993,16.1882261
Northern Ireland,1994,16.19632362
Northern Ireland,1995,16.20858597
Northern Ireland,1996,16.42311022
Northern Ireland,1997,16.90197255
Northern Ireland,1998,17.46636888
Northern Ireland,1999,17.93792431
Northern Ireland,2000,18.14340982
Northern Ireland,2001,18.16330242
Northern Ireland,2002,18.18468242
Northern Ireland,2003,18.20907365
Northern Ireland,2004,18.22709658
Northern Ireland,2005,18.23444023
Northern Ireland,2006,18.24113603
Northern Ireland,2007,18.24970817
Northern Ireland,2008,18.25131388
Northern Ireland,2009,18.24797161
Northern Ireland,2010,18.24520941
Northern Ireland,2011,18.13586014
Northern Ireland,2012,17.87629329
Northern Ireland,2013,17.56437502
Northern Ireland,2014,17.29340249
Northern Ireland,2015,17.15067917
Northern Ireland,2016,17.04260256
Northern Ireland,2017,16.95308928
Northern Ireland,2018,16.95362948
Northern Ireland,2019,16.97023387
Nordic Region,1990,15.57378185
Nordic Region,1991,15.52454031
Nordic Region,1992,15.47669536
Nordic Region,1993,15.43554812
Nordic Region,1994,15.39888517
Nordic Region,1995,15.3733379
Nordic Region,1996,15.34546957
Nordic Region,1997,15.30746174
Nordic Region,1998,15.27056864
Nordic Region,1999,15.23573273
Nordic Region,2000,15.21504466
Nordic Region,2001,15.20169125
Nordic Region,2002,15.19080643
Nordic Region,2003,15.1803928
Nordic Region,2004,15.17263763
Nordic Region,2005,15.16674834
Nordic Region,2006,15.16905374
Nordic Region,2007,15.17852775
Nordic Region,2008,15.19138069
Nordic Region,2009,15.20289909
Nordic Region,2010,15.20469151
Nordic Region,2011,15.19646337
Nordic Region,2012,15.18133696
Nordic Region,2013,15.1644558
Nordic Region,2014,15.15065092
Nordic Region,2015,15.14563392
Nordic Region,2016,15.14339579
Nordic Region,2017,15.13819666
Nordic Region,2018,15.13201888
Nordic Region,2019,15.11866361
North Africa and Middle East,1990,15.8268229
North Africa and Middle East,1991,15.8108897
North Africa and Middle East,1992,15.79269422
North Africa and Middle East,1993,15.78271319
North Africa and Middle East,1994,15.77705289
North Africa and Middle East,1995,15.77178091
North Africa and Middle East,1996,15.76607009
North Africa and Middle East,1997,15.76036587
North Africa and Middle East,1998,15.75446402
North Africa and Middle East,1999,15.74745773
North Africa and Middle East,2000,15.7393191
North Africa and Middle East,2001,15.73691459
North Africa and Middle East,2002,15.74024784
North Africa and Middle East,2003,15.74254585
North Africa and Middle East,2004,15.73994933
North Africa and Middle East,2005,15.72954507
North Africa and Middle East,2006,15.71684009
North Africa and Middle East,2007,15.71017392
North Africa and Middle East,2008,15.70537328
North Africa and Middle East,2009,15.70025374
North Africa and Middle East,2010,15.6912753
North Africa and Middle East,2011,15.68552261
North Africa and Middle East,2012,15.69663488
North Africa and Middle East,2013,15.71422309
North Africa and Middle East,2014,15.72588253
North Africa and Middle East,2015,15.7245405
North Africa and Middle East,2016,15.68377908
North Africa and Middle East,2017,15.64622427
North Africa and Middle East,2018,15.64106088
North Africa and Middle East,2019,15.64652346
North America,1990,15.4728814
North America,1991,15.65299803
North America,1992,15.83279694
North America,1993,16.00323547
North America,1994,16.15561567
North America,1995,16.28015027
North America,1996,16.48350004
North America,1997,16.81213519
North America,1998,17.17056427
North America,1999,17.46259851
North America,2000,17.5923528
North America,2001,17.56782992
North America,2002,17.48055108
North America,2003,17.35964767
North America,2004,17.24022606
North America,2005,17.15202185
North America,2006,17.11689058
North America,2007,17.11891886
North America,2008,17.13285062
North America,2009,17.13222909
North America,2010,17.09289287
North America,2011,16.97440003
North America,2012,16.7853163
North America,2013,16.58103438
North America,2014,16.41124863
North America,2015,16.32591708
North America,2016,16.32620951
North America,2017,16.34236604
North America,2018,16.46682208
North America,2019,16.74050854
Middle East & North Africa - WB,1990,16.01792151
Middle East & North Africa - WB,1991,16.00301496
Middle East & North Africa - WB,1992,15.98033434
Middle East & North Africa - WB,1993,15.96640063
Middle East & North Africa - WB,1994,15.95673264
Middle East & North Africa - WB,1995,15.94415248
Middle East & North Africa - WB,1996,15.91917284
Middle East & North Africa - WB,1997,15.88071365
Middle East & North Africa - WB,1998,15.83945123
Middle East & North Africa - WB,1999,15.80363088
Middle East & North Africa - WB,2000,15.7793574
Middle East & North Africa - WB,2001,15.76192568
Middle East & North Africa - WB,2002,15.74035417
Middle East & North Africa - WB,2003,15.71858993
Middle East & North Africa - WB,2004,15.69522767
Middle East & North Africa - WB,2005,15.6753276
Middle East & North Africa - WB,2006,15.66974641
Middle East & North Africa - WB,2007,15.68217016
Middle East & North Africa - WB,2008,15.70105974
Middle East & North Africa - WB,2009,15.71674597
Middle East & North Africa - WB,2010,15.71943779
Middle East & North Africa - WB,2011,15.7184616
Middle East & North Africa - WB,2012,15.73712466
Middle East & North Africa - WB,2013,15.76350837
Middle East & North Africa - WB,2014,15.7835724
Middle East & North Africa - WB,2015,15.78534508
Middle East & North Africa - WB,2016,15.7421521
Middle East & North Africa - WB,2017,15.70216825
Middle East & North Africa - WB,2018,15.69674278
Middle East & North Africa - WB,2019,15.70076748
Middle SDI,1990,12.47661477
Middle SDI,1991,12.5256688
Middle SDI,1992,12.56454062
Middle SDI,1993,12.5948824
Middle SDI,1994,12.61385971
Middle SDI,1995,12.6186826
Middle SDI,1996,12.61537028
Middle SDI,1997,12.61224727
Middle SDI,1998,12.60800574
Middle SDI,1999,12.60349779
Middle SDI,2000,12.59756847
Middle SDI,2001,12.58729655
Middle SDI,2002,12.57330475
Middle SDI,2003,12.55828179
Middle SDI,2004,12.54368712
Middle SDI,2005,12.53226442
Middle SDI,2006,12.51726144
Middle SDI,2007,12.49465421
Middle SDI,2008,12.47022496
Middle SDI,2009,12.44931012
Middle SDI,2010,12.43627526
Middle SDI,2011,12.4234561
Middle SDI,2012,12.40422358
Middle SDI,2013,12.3847874
Middle SDI,2014,12.37070137
Middle SDI,2015,12.36849202
Middle SDI,2016,12.39662479
Middle SDI,2017,12.42621397
Middle SDI,2018,12.42074278
Middle SDI,2019,12.39602139
Low SDI,1990,13.23018159
Low SDI,1991,13.27705003
Low SDI,1992,13.32710781
Low SDI,1993,13.36843752
Low SDI,1994,13.39959529
Low SDI,1995,13.42271294
Low SDI,1996,13.44610376
Low SDI,1997,13.47327768
Low SDI,1998,13.49850147
Low SDI,1999,13.51885451
Low SDI,2000,13.53111168
Low SDI,2001,13.5428515
Low SDI,2002,13.55846
Low SDI,2003,13.57073783
Low SDI,2004,13.57852616
Low SDI,2005,13.57760733
Low SDI,2006,13.55097868
Low SDI,2007,13.49762169
Low SDI,2008,13.43347132
Low SDI,2009,13.37508133
Low SDI,2010,13.33835623
Low SDI,2011,13.31433219
Low SDI,2012,13.28575153
Low SDI,2013,13.25667995
Low SDI,2014,13.23024521
Low SDI,2015,13.21150434
Low SDI,2016,13.20260672
Low SDI,2017,13.19644056
Low SDI,2018,13.18496097
Low SDI,2019,13.17046181
Low-middle SDI,1990,13.70441101
Low-middle SDI,1991,13.75959694
Low-middle SDI,1992,13.80288637
Low-middle SDI,1993,13.83224246
Low-middle SDI,1994,13.84415216
Low-middle SDI,1995,13.83505319
Low-middle SDI,1996,13.80745099
Low-middle SDI,1997,13.77096274
Low-middle SDI,1998,13.73326238
Low-middle SDI,1999,13.70221205
Low-middle SDI,2000,13.68608923
Low-middle SDI,2001,13.69141433
Low-middle SDI,2002,13.71140957
Low-middle SDI,2003,13.73671943
Low-middle SDI,2004,13.7545803
Low-middle SDI,2005,13.75453917
Low-middle SDI,2006,13.70943847
Low-middle SDI,2007,13.62257385
Low-middle SDI,2008,13.52006164
Low-middle SDI,2009,13.42917212
Low-middle SDI,2010,13.37661082
Low-middle SDI,2011,13.35140751
Low-middle SDI,2012,13.32343686
Low-middle SDI,2013,13.29439632
Low-middle SDI,2014,13.26910417
Low-middle SDI,2015,13.24903543
Low-middle SDI,2016,13.23584584
Low-middle SDI,2017,13.22223945
Low-middle SDI,2018,13.19240917
Low-middle SDI,2019,13.14608713
Latin America & Caribbean - WB,1990,13.79925125
Latin America & Caribbean - WB,1991,13.80145081
Latin America & Caribbean - WB,1992,13.81021718
Latin America & Caribbean - WB,1993,13.82301095
Latin America & Caribbean - WB,1994,13.83762902
Latin America & Caribbean - WB,1995,13.85116525
Latin America & Caribbean - WB,1996,13.92013433
Latin America & Caribbean - WB,1997,14.07028527
Latin America & Caribbean - WB,1998,14.25755149
Latin America & Caribbean - WB,1999,14.43879103
Latin America & Caribbean - WB,2000,14.57083436
Latin America & Caribbean - WB,2001,14.67634362
Latin America & Caribbean - WB,2002,14.79325084
Latin America & Caribbean - WB,2003,14.90355394
Latin America & Caribbean - WB,2004,14.98711683
Latin America & Caribbean - WB,2005,15.02525725
Latin America & Caribbean - WB,2006,15.00310874
Latin America & Caribbean - WB,2007,14.93478542
Latin America & Caribbean - WB,2008,14.84942513
Latin America & Caribbean - WB,2009,14.77373788
Latin America & Caribbean - WB,2010,14.73592106
Latin America & Caribbean - WB,2011,14.69586131
Latin America & Caribbean - WB,2012,14.61299578
Latin America & Caribbean - WB,2013,14.5173493
Latin America & Caribbean - WB,2014,14.43863069
Latin America & Caribbean - WB,2015,14.40601439
Latin America & Caribbean - WB,2016,14.43589674
Latin America & Caribbean - WB,2017,14.46677314
Latin America & Caribbean - WB,2018,14.47169923
Latin America & Caribbean - WB,2019,14.47388336
Latin America and Caribbean,1990,13.77706328
Latin America and Caribbean,1991,13.77788256
Latin America and Caribbean,1992,13.78637186
Latin America and Caribbean,1993,13.79970557
Latin America and Caribbean,1994,13.81541263
Latin America and Caribbean,1995,13.83069113
Latin America and Caribbean,1996,13.90887946
Latin America and Caribbean,1997,14.07920646
Latin America and Caribbean,1998,14.29093073
Latin America and Caribbean,1999,14.49484588
Latin America and Caribbean,2000,14.64179998
Latin America and Caribbean,2001,14.7561349
Latin America and Caribbean,2002,14.88114108
Latin America and Caribbean,2003,14.99778584
Latin America and Caribbean,2004,15.0856248
Latin America and Caribbean,2005,15.12522333
Latin America and Caribbean,2006,15.10355811
Latin America and Caribbean,2007,15.03719712
Latin America and Caribbean,2008,14.95340174
Latin America and Caribbean,2009,14.8782782
Latin America and Caribbean,2010,14.83888779
Latin America and Caribbean,2011,14.79214963
Latin America and Caribbean,2012,14.69727542
Latin America and Caribbean,2013,14.58784064
Latin America and Caribbean,2014,14.49786864
Latin America and Caribbean,2015,14.45954504
Latin America and Caribbean,2016,14.49095753
Latin America and Caribbean,2017,14.52411843
Latin America and Caribbean,2018,14.52981764
Latin America and Caribbean,2019,14.53441636
High SDI,1990,14.14570297
High SDI,1991,14.19299208
High SDI,1992,14.24310485
High SDI,1993,14.29345994
High SDI,1994,14.34075554
High SDI,1995,14.38191515
High SDI,1996,14.45749933
High SDI,1997,14.58618941
High SDI,1998,14.7292474
High SDI,1999,14.84987154
High SDI,2000,14.90792456
High SDI,2001,14.90792407
High SDI,2002,14.8851413
High SDI,2003,14.84971903
High SDI,2004,14.81548396
High SDI,2005,14.79031323
High SDI,2006,14.78480887
High SDI,2007,14.79339461
High SDI,2008,14.80602092
High SDI,2009,14.81469223
High SDI,2010,14.8112222
High SDI,2011,14.78037185
High SDI,2012,14.72862973
High SDI,2013,14.67194953
High SDI,2014,14.62674254
High SDI,2015,14.60764043
High SDI,2016,14.59284501
High SDI,2017,14.58372257
High SDI,2018,14.63648688
High SDI,2019,14.74740044
High-income,1990,14.70561855
High-income,1991,14.74285332
High-income,1992,14.78345199
High-income,1993,14.82483072
High-income,1994,14.86420055
High-income,1995,14.89800209
High-income,1996,14.96438301
High-income,1997,15.0801586
High-income,1998,15.20973753
High-income,1999,15.32048024
High-income,2000,15.37548921
High-income,2001,15.38016875
High-income,2002,15.36704937
High-income,2003,15.34469325
High-income,2004,15.32303991
High-income,2005,15.30843791
High-income,2006,15.31542156
High-income,2007,15.34131548
High-income,2008,15.37369633
High-income,2009,15.3994496
High-income,2010,15.40551998
High-income,2011,15.38059203
High-income,2012,15.33298638
High-income,2013,15.27848071
High-income,2014,15.23316731
High-income,2015,15.2128321
High-income,2016,15.19864169
High-income,2017,15.18958409
High-income,2018,15.22730253
High-income,2019,15.30855079
High-income Asia Pacific,1990,10.76495653
High-income Asia Pacific,1991,10.72832751
High-income Asia Pacific,1992,10.70238034
High-income Asia Pacific,1993,10.68652141
High-income Asia Pacific,1994,10.67951014
High-income Asia Pacific,1995,10.68009008
High-income Asia Pacific,1996,10.70524604
High-income Asia Pacific,1997,10.76075777
High-income Asia Pacific,1998,10.82673443
High-income Asia Pacific,1999,10.88644098
High-income Asia Pacific,2000,10.9208809
High-income Asia Pacific,2001,10.93124312
High-income Asia Pacific,2002,10.93066114
High-income Asia Pacific,2003,10.9261962
High-income Asia Pacific,2004,10.92110391
High-income Asia Pacific,2005,10.92024166
High-income Asia Pacific,2006,10.91210733
High-income Asia Pacific,2007,10.88735111
High-income Asia Pacific,2008,10.85656695
High-income Asia Pacific,2009,10.83257577
High-income Asia Pacific,2010,10.82250067
High-income Asia Pacific,2011,10.82508324
High-income Asia Pacific,2012,10.8318149
High-income Asia Pacific,2013,10.8396288
High-income Asia Pacific,2014,10.84518835
High-income Asia Pacific,2015,10.84695066
High-income Asia Pacific,2016,10.77322215
High-income Asia Pacific,2017,10.69909024
High-income Asia Pacific,2018,10.68909708
High-income Asia Pacific,2019,10.67518688
High-income North America,1990,15.47360378
High-income North America,1991,15.65372521
High-income North America,1992,15.83352266
High-income North America,1993,16.00396274
High-income North America,1994,16.15634236
High-income North America,1995,16.28087427
High-income North America,1996,16.48422092
High-income North America,1997,16.81285416
High-income North America,1998,17.17128339
High-income North America,1999,17.46331441
High-income North America,2000,17.59306261
High-income North America,2001,17.56853039
High-income North America,2002,17.48123967
High-income North America,2003,17.36032572
High-income North America,2004,17.24089409
High-income North America,2005,17.15268157
High-income North America,2006,17.1175444
High-income North America,2007,17.11956838
High-income North America,2008,17.13349754
High-income North America,2009,17.13287051
High-income North America,2010,17.09352637
High-income North America,2011,16.9750194
High-income North America,2012,16.78591682
High-income North America,2013,16.58161524
High-income North America,2014,16.41181098
High-income North America,2015,16.32646835
High-income North America,2016,16.32675596
High-income North America,2017,16.34290996
High-income North America,2018,16.46735066
High-income North America,2019,16.74100915
High-middle SDI,1990,12.55629938
High-middle SDI,1991,12.60218734
High-middle SDI,1992,12.64066483
High-middle SDI,1993,12.67059223
High-middle SDI,1994,12.68968021
High-middle SDI,1995,12.69575593
High-middle SDI,1996,12.69664759
High-middle SDI,1997,12.70098459
High-middle SDI,1998,12.70654803
High-middle SDI,1999,12.70951524
High-middle SDI,2000,12.70710074
High-middle SDI,2001,12.69961574
High-middle SDI,2002,12.68789268
High-middle SDI,2003,12.67359957
High-middle SDI,2004,12.65913665
High-middle SDI,2005,12.64546467
High-middle SDI,2006,12.62839377
High-middle SDI,2007,12.60363328
High-middle SDI,2008,12.57594414
High-middle SDI,2009,12.54995943
High-middle SDI,2010,12.53162273
High-middle SDI,2011,12.51635242
High-middle SDI,2012,12.49781678
High-middle SDI,2013,12.48039374
High-middle SDI,2014,12.46784
High-middle SDI,2015,12.46581519
High-middle SDI,2016,12.47953801
High-middle SDI,2017,12.49291416
High-middle SDI,2018,12.4824561
High-middle SDI,2019,12.4505582
G20,1990,13.02279675
G20,1991,13.08819188
G20,1992,13.14486003
G20,1993,13.19015132
G20,1994,13.22119492
G20,1995,13.23408969
G20,1996,13.24300239
G20,1997,13.25890414
G20,1998,13.2758181
G20,1999,13.28936967
G20,2000,13.29420355
G20,2001,13.29138428
G20,2002,13.28397469
G20,2003,13.27379833
G20,2004,13.26323951
G20,2005,13.25254671
G20,2006,13.23262964
G20,2007,13.19791758
G20,2008,13.15769245
G20,2009,13.12170031
G20,2010,13.09947015
G20,2011,13.0803373
G20,2012,13.05043656
G20,2013,13.01878994
G20,2014,12.99402606
G20,2015,12.98417339
G20,2016,12.99543043
G20,2017,13.00751361
G20,2018,13.00061892
G20,2019,12.97979934
Four World Regions,1990,12.9887809
Four World Regions,1991,13.03112764
Four World Regions,1992,13.06709891
Four World Regions,1993,13.09525897
Four World Regions,1994,13.11294884
Four World Regions,1995,13.11792919
Four World Regions,1996,13.12119394
Four World Regions,1997,13.13081827
Four World Regions,1998,13.1411061
Four World Regions,1999,13.14795056
Four World Regions,2000,13.14623387
Four World Regions,2001,13.13756401
Four World Regions,2002,13.12540198
Four World Regions,2003,13.11095169
Four World Regions,2004,13.09555805
Four World Regions,2005,13.0794883
Four World Regions,2006,13.05466469
Four World Regions,2007,13.0176941
Four World Regions,2008,12.97655731
Four World Regions,2009,12.93918983
Four World Regions,2010,12.91285865
Four World Regions,2011,12.89057881
Four World Regions,2012,12.86221014
Four World Regions,2013,12.83353501
Four World Regions,2014,12.81043927
Four World Regions,2015,12.79869641
Four World Regions,2016,12.803832
Four World Regions,2017,12.81062628
Four World Regions,2018,12.80654576
Four World Regions,2019,12.79718648
Europe,1990,13.77762398
Europe,1991,13.77301565
Europe,1992,13.76901394
Europe,1993,13.76625387
Europe,1994,13.76526303
Europe,1995,13.76599989
Europe,1996,13.77429654
Europe,1997,13.7923263
Europe,1998,13.81370434
Europe,1999,13.83317851
Europe,2000,13.8447068
Europe,2001,13.84842384
Europe,2002,13.84913937
Europe,2003,13.84796967
Europe,2004,13.84907856
Europe,2005,13.85157331
Europe,2006,13.86428462
Europe,2007,13.88822912
Europe,2008,13.91698345
Europe,2009,13.94290928
Europe,2010,13.96007981
Europe,2011,13.97431936
Europe,2012,13.99213884
Europe,2013,14.0093186
Europe,2014,14.02411205
Europe,2015,14.03253728
Europe,2016,14.01964825
Europe,2017,14.00250985
Europe,2018,13.98654598
Europe,2019,13.96048016
Europe & Central Asia - WB,1990,13.5930354
Europe & Central Asia - WB,1991,13.58771245
Europe & Central Asia - WB,1992,13.58315623
Europe & Central Asia - WB,1993,13.57981116
Europe & Central Asia - WB,1994,13.5782034
Europe & Central Asia - WB,1995,13.57841237
Europe & Central Asia - WB,1996,13.58645172
Europe & Central Asia - WB,1997,13.60432345
Europe & Central Asia - WB,1998,13.62509758
Europe & Central Asia - WB,1999,13.64269605
Europe & Central Asia - WB,2000,13.65134214
Europe & Central Asia - WB,2001,13.65134992
Europe & Central Asia - WB,2002,13.64767483
Europe & Central Asia - WB,2003,13.64141348
Europe & Central Asia - WB,2004,13.63689978
Europe & Central Asia - WB,2005,13.63373452
Europe & Central Asia - WB,2006,13.63985995
Europe & Central Asia - WB,2007,13.65592201
Europe & Central Asia - WB,2008,13.67578614
Europe & Central Asia - WB,2009,13.69283751
Europe & Central Asia - WB,2010,13.70203249
Europe & Central Asia - WB,2011,13.70870632
Europe & Central Asia - WB,2012,13.71884114
Europe & Central Asia - WB,2013,13.72861189
Europe & Central Asia - WB,2014,13.7362725
Europe & Central Asia - WB,2015,13.73815759
Europe & Central Asia - WB,2016,13.72053516
Europe & Central Asia - WB,2017,13.69963055
Europe & Central Asia - WB,2018,13.67995353
Europe & Central Asia - WB,2019,13.65172386
European Region,1990,13.59551111
European Region,1991,13.59097394
European Region,1992,13.58718939
European Region,1993,13.58453305
European Region,1994,13.58350169
European Region,1995,13.58409371
European Region,1996,13.59197811
European Region,1997,13.60895574
European Region,1998,13.62853908
European Region,1999,13.6455304
European Region,2000,13.65410611
European Region,2001,13.65409066
European Region,2002,13.65024319
European Region,2003,13.64391508
European Region,2004,13.63930975
European Region,2005,13.63614336
European Region,2006,13.64264215
European Region,2007,13.65955101
European Region,2008,13.68040914
European Region,2009,13.69830397
European Region,2010,13.70782781
European Region,2011,13.71418205
European Region,2012,13.72351803
European Region,2013,13.7324131
European Region,2014,13.73934647
European Region,2015,13.74089271
European Region,2016,13.72374759
European Region,2017,13.70347616
European Region,2018,13.68431381
European Region,2019,13.65683659
European Union,1990,14.71670456
European Union,1991,14.69497348
European Union,1992,14.67544592
European Union,1993,14.65917924
European Union,1994,14.64510818
European Union,1995,14.63371496
European Union,1996,14.63008345
European Union,1997,14.63560689
European Union,1998,14.64475937
European Union,1999,14.65451095
European Union,2000,14.66051579
European Union,2001,14.66422348
European Union,2002,14.66835845
European Union,2003,14.67352287
European Union,2004,14.68189033
European Union,2005,14.69166008
European Union,2006,14.71946458
European Union,2007,14.77103849
European Union,2008,14.83283853
European Union,2009,14.88803876
European Union,2010,14.9232691
European Union,2011,14.94604836
European Union,2012,14.97164677
European Union,2013,14.99455729
European Union,2014,15.01374237
European Union,2015,15.02557735
European Union,2016,15.01133162
European Union,2017,14.99340989
European Union,2018,14.97702102
European Union,2019,14.94527734
England,1990,15.10807205
England,1991,15.07461912
England,1992,15.04339792
England,1993,15.01549619
England,1994,14.99473787
England,1995,14.98296568
England,1996,14.97286429
England,1997,14.95577781
England,1998,14.93626451
England,1999,14.91710679
England,2000,14.90119463
England,2001,14.87003993
England,2002,14.81329891
England,2003,14.74809257
England,2004,14.69204113
England,2005,14.66287102
England,2006,14.68622621
England,2007,14.75949971
England,2008,14.85506678
England,2009,14.94373409
England,2010,14.99842683
England,2011,15.0570453
England,2012,15.1580768
England,2013,15.26923849
England,2014,15.35906218
England,2015,15.39574658
England,2016,15.32618347
England,2017,15.25478333
England,2018,15.23970054
England,2019,15.21880243
East Asia,1990,11.62423217
East Asia,1991,11.75077653
East Asia,1992,11.85776592
East Asia,1993,11.94135105
East Asia,1994,11.99535429
East Asia,1995,12.01597179
East Asia,1996,12.01112751
East Asia,1997,11.9960299
East Asia,1998,11.9718099
East Asia,1999,11.94076952
East Asia,2000,11.90378433
East Asia,2001,11.85149335
East Asia,2002,11.77963075
East Asia,2003,11.70260754
East Asia,2004,11.63383865
East Asia,2005,11.5886059
East Asia,2006,11.5603903
East Asia,2007,11.53313995
East Asia,2008,11.50700036
East Asia,2009,11.48240523
East Asia,2010,11.45956451
East Asia,2011,11.42590001
East Asia,2012,11.37722909
East Asia,2013,11.32662828
East Asia,2014,11.2874299
East Asia,2015,11.27420948
East Asia,2016,11.3241932
East Asia,2017,11.37751524
East Asia,2018,11.36343431
East Asia,2019,11.30709455
East Asia & Pacific - WB,1990,11.52219975
East Asia & Pacific - WB,1991,11.58891679
East Asia & Pacific - WB,1992,11.64423023
East Asia & Pacific - WB,1993,11.68633034
East Asia & Pacific - WB,1994,11.71139051
East Asia & Pacific - WB,1995,11.71731113
East Asia & Pacific - WB,1996,11.70966459
East Asia & Pacific - WB,1997,11.69704508
East Asia & Pacific - WB,1998,11.67930643
East Asia & Pacific - WB,1999,11.6575113
East Asia & Pacific - WB,2000,11.6303405
East Asia & Pacific - WB,2001,11.59388355
East Asia & Pacific - WB,2002,11.54540404
East Asia & Pacific - WB,2003,11.49352508
East Asia & Pacific - WB,2004,11.44580718
East Asia & Pacific - WB,2005,11.40988166
East Asia & Pacific - WB,2006,11.38048714
East Asia & Pacific - WB,2007,11.34705903
East Asia & Pacific - WB,2008,11.31200572
East Asia & Pacific - WB,2009,11.27857075
East Asia & Pacific - WB,2010,11.25062595
East Asia & Pacific - WB,2011,11.22246446
East Asia & Pacific - WB,2012,11.18857748
East Asia & Pacific - WB,2013,11.15630175
East Asia & Pacific - WB,2014,11.13149744
East Asia & Pacific - WB,2015,11.12276589
East Asia & Pacific - WB,2016,11.14826106
East Asia & Pacific - WB,2017,11.1766293
East Asia & Pacific - WB,2018,11.17166055
East Asia & Pacific - WB,2019,11.14648835
Eastern Europe,1990,11.83724239
Eastern Europe,1991,11.87533928
Eastern Europe,1992,11.91014821
Eastern Europe,1993,11.9431829
Eastern Europe,1994,11.9747411
Eastern Europe,1995,12.00333222
Eastern Europe,1996,12.03236461
Eastern Europe,1997,12.0606736
Eastern Europe,1998,12.08524368
Eastern Europe,1999,12.10280501
Eastern Europe,2000,12.10890475
Eastern Europe,2001,12.09382503
Eastern Europe,2002,12.05869102
Eastern Europe,2003,12.01314076
Eastern Europe,2004,11.9657276
Eastern Europe,2005,11.92571386
Eastern Europe,2006,11.88667879
Eastern Europe,2007,11.84067252
Eastern Europe,2008,11.79494145
Eastern Europe,2009,11.75601232
Eastern Europe,2010,11.72942149
Eastern Europe,2011,11.71772311
Eastern Europe,2012,11.71512783
Eastern Europe,2013,11.71802562
Eastern Europe,2014,11.72268981
Eastern Europe,2015,11.72210029
Eastern Europe,2016,11.71836755
Eastern Europe,2017,11.71202558
Eastern Europe,2018,11.69905499
Eastern Europe,2019,11.6768436
Eastern Mediterranean Region,1990,15.06113773
Eastern Mediterranean Region,1991,15.04871188
Eastern Mediterranean Region,1992,15.03630417
Eastern Mediterranean Region,1993,15.0303213
Eastern Mediterranean Region,1994,15.02738258
Eastern Mediterranean Region,1995,15.02506469
Eastern Mediterranean Region,1996,15.02029158
Eastern Mediterranean Region,1997,15.01180324
Eastern Mediterranean Region,1998,14.99989186
Eastern Mediterranean Region,1999,14.98673379
Eastern Mediterranean Region,2000,14.97416977
Eastern Mediterranean Region,2001,14.96616765
Eastern Mediterranean Region,2002,14.95992071
Eastern Mediterranean Region,2003,14.95287807
Eastern Mediterranean Region,2004,14.94429986
Eastern Mediterranean Region,2005,14.9344241
Eastern Mediterranean Region,2006,14.92903401
Eastern Mediterranean Region,2007,14.93485501
Eastern Mediterranean Region,2008,14.94496667
Eastern Mediterranean Region,2009,14.95270525
Eastern Mediterranean Region,2010,14.95072128
Eastern Mediterranean Region,2011,14.94960322
Eastern Mediterranean Region,2012,14.96519492
Eastern Mediterranean Region,2013,14.98562855
Eastern Mediterranean Region,2014,15.00061426
Eastern Mediterranean Region,2015,15.00077823
Eastern Mediterranean Region,2016,14.96387638
Eastern Mediterranean Region,2017,14.93041156
Eastern Mediterranean Region,2018,14.93590792
Eastern Mediterranean Region,2019,14.96074343
Eastern sub-Saharan Africa,1990,13.22596182
Eastern sub-Saharan Africa,1991,13.23867821
Eastern sub-Saharan Africa,1992,13.25021084
Eastern sub-Saharan Africa,1993,13.260585
Eastern sub-Saharan Africa,1994,13.27299408
Eastern sub-Saharan Africa,1995,13.28460158
Eastern sub-Saharan Africa,1996,13.29831069
Eastern sub-Saharan Africa,1997,13.31482011
Eastern sub-Saharan Africa,1998,13.33012664
Eastern sub-Saharan Africa,1999,13.34015839
Eastern sub-Saharan Africa,2000,13.33952671
Eastern sub-Saharan Africa,2001,13.32555555
Eastern sub-Saharan Africa,2002,13.3001721
Eastern sub-Saharan Africa,2003,13.27025296
Eastern sub-Saharan Africa,2004,13.24129752
Eastern sub-Saharan Africa,2005,13.21667052
Eastern sub-Saharan Africa,2006,13.18900386
Eastern sub-Saharan Africa,2007,13.14955418
Eastern sub-Saharan Africa,2008,13.1052277
Eastern sub-Saharan Africa,2009,13.06158637
Eastern sub-Saharan Africa,2010,13.02443476
Eastern sub-Saharan Africa,2011,12.99296931
Eastern sub-Saharan Africa,2012,12.96349719
Eastern sub-Saharan Africa,2013,12.93733457
Eastern sub-Saharan Africa,2014,12.91775553
Eastern sub-Saharan Africa,2015,12.90483907
Eastern sub-Saharan Africa,2016,12.90524459
Eastern sub-Saharan Africa,2017,12.9067647
Eastern sub-Saharan Africa,2018,12.90543992
Eastern sub-Saharan Africa,2019,12.9041557
Commonwealth,1990,13.64574967
Commonwealth,1991,13.69411261
Commonwealth,1992,13.73173714
Commonwealth,1993,13.75664806
Commonwealth,1994,13.76504345
Commonwealth,1995,13.75292617
Commonwealth,1996,13.71475175
Commonwealth,1997,13.6559211
Commonwealth,1998,13.59204502
Commonwealth,1999,13.5379811
Commonwealth,2000,13.50886408
Commonwealth,2001,13.51080328
Commonwealth,2002,13.53140925
Commonwealth,2003,13.55921292
Commonwealth,2004,13.58131753
Commonwealth,2005,13.5852994
Commonwealth,2006,13.5464782
Commonwealth,2007,13.46789756
Commonwealth,2008,13.37422952
Commonwealth,2009,13.29175147
Commonwealth,2010,13.24604229
Commonwealth,2011,13.23167332
Commonwealth,2012,13.22258437
Commonwealth,2013,13.21489589
Commonwealth,2014,13.20664732
Commonwealth,2015,13.19338767
Commonwealth,2016,13.17401054
Commonwealth,2017,13.15342611
Commonwealth,2018,13.11840101
Commonwealth,2019,13.06380385
Commonwealth High Income,1990,15.53971176
Commonwealth High Income,1991,15.53120332
Commonwealth High Income,1992,15.52138028
Commonwealth High Income,1993,15.51299569
Commonwealth High Income,1994,15.50347791
Commonwealth High Income,1995,15.49726859
Commonwealth High Income,1996,15.46005172
Commonwealth High Income,1997,15.38376533
Commonwealth High Income,1998,15.29521881
Commonwealth High Income,1999,15.22406672
Commonwealth High Income,2000,15.19119352
Commonwealth High Income,2001,15.18861191
Commonwealth High Income,2002,15.19353147
Commonwealth High Income,2003,15.20292059
Commonwealth High Income,2004,15.20754659
Commonwealth High Income,2005,15.20531034
Commonwealth High Income,2006,15.23464436
Commonwealth High Income,2007,15.31821849
Commonwealth High Income,2008,15.42090683
Commonwealth High Income,2009,15.51313336
Commonwealth High Income,2010,15.56229133
Commonwealth High Income,2011,15.58910689
Commonwealth High Income,2012,15.63322808
Commonwealth High Income,2013,15.68277872
Commonwealth High Income,2014,15.72204692
Commonwealth High Income,2015,15.73966123
Commonwealth High Income,2016,15.70751835
Commonwealth High Income,2017,15.68232884
Commonwealth High Income,2018,15.69920091
Commonwealth High Income,2019,15.74054324
Commonwealth Low Income,1990,13.34214144
Commonwealth Low Income,1991,13.30141867
Commonwealth Low Income,1992,13.25848877
Commonwealth Low Income,1993,13.21777371
Commonwealth Low Income,1994,13.18201573
Commonwealth Low Income,1995,13.15283258
Commonwealth Low Income,1996,13.12721922
Commonwealth Low Income,1997,13.10150154
Commonwealth Low Income,1998,13.07486866
Commonwealth Low Income,1999,13.04474154
Commonwealth Low Income,2000,13.0110586
Commonwealth Low Income,2001,12.99056498
Commonwealth Low Income,2002,12.9887413
Commonwealth Low Income,2003,12.9934407
Commonwealth Low Income,2004,12.98907429
Commonwealth Low Income,2005,12.96303976
Commonwealth Low Income,2006,12.90305632
Commonwealth Low Income,2007,12.82539981
Commonwealth Low Income,2008,12.74217878
Commonwealth Low Income,2009,12.66729592
Commonwealth Low Income,2010,12.61328764
Commonwealth Low Income,2011,12.57608455
Commonwealth Low Income,2012,12.54343013
Commonwealth Low Income,2013,12.51402498
Commonwealth Low Income,2014,12.49245624
Commonwealth Low Income,2015,12.47333184
Commonwealth Low Income,2016,12.46227269
Commonwealth Low Income,2017,12.45350588
Commonwealth Low Income,2018,12.45111897
Commonwealth Low Income,2019,12.45537383
Commonwealth Middle Income,1990,13.63872701
Commonwealth Middle Income,1991,13.70874609
Commonwealth Middle Income,1992,13.765315
Commonwealth Middle Income,1993,13.80504397
Commonwealth Middle Income,1994,13.82409492
Commonwealth Middle Income,1995,13.81697104
Commonwealth Middle Income,1996,13.77920707
Commonwealth Middle Income,1997,13.71862608
Commonwealth Middle Income,1998,13.65273471
Commonwealth Middle Income,1999,13.59840849
Commonwealth Middle Income,2000,13.57309189
Commonwealth Middle Income,2001,13.58302766
Commonwealth Middle Income,2002,13.61411554
Commonwealth Middle Income,2003,13.65299911
Commonwealth Middle Income,2004,13.6858446
Commonwealth Middle Income,2005,13.69878338
Commonwealth Middle Income,2006,13.66002362
Commonwealth Middle Income,2007,13.57013315
Commonwealth Middle Income,2008,13.46081781
Commonwealth Middle Income,2009,13.36522044
Commonwealth Middle Income,2010,13.31566511
Commonwealth Middle Income,2011,13.3038467
Commonwealth Middle Income,2012,13.29630761
Commonwealth Middle Income,2013,13.28974816
Commonwealth Middle Income,2014,13.28198967
Commonwealth Middle Income,2015,13.26951192
Commonwealth Middle Income,2016,13.25197701
Commonwealth Middle Income,2017,13.2319852
Commonwealth Middle Income,2018,13.18964615
Commonwealth Middle Income,2019,13.12018373
Caribbean,1990,15.05368992
Caribbean,1991,15.0468899
Caribbean,1992,15.03945558
Caribbean,1993,15.03188957
Caribbean,1994,15.02235818
Caribbean,1995,15.01325033
Caribbean,1996,15.00382495
Caribbean,1997,14.99244864
Caribbean,1998,14.98123777
Caribbean,1999,14.96572339
Caribbean,2000,14.95039713
Caribbean,2001,14.93260371
Caribbean,2002,14.91670157
Caribbean,2003,14.89922612
Caribbean,2004,14.88395201
Caribbean,2005,14.86793727
Caribbean,2006,14.85120274
Caribbean,2007,14.83468605
Caribbean,2008,14.8228491
Caribbean,2009,14.81757955
Caribbean,2010,14.81904589
Caribbean,2011,14.82808385
Caribbean,2012,14.84388265
Caribbean,2013,14.86019542
Caribbean,2014,14.87655267
Caribbean,2015,14.88376535
Caribbean,2016,14.88510749
Caribbean,2017,14.88427538
Caribbean,2018,14.90218799
Caribbean,2019,14.93005098
Central African Republic,1990,14.2119751
Central African Republic,1991,14.22809015
Central African Republic,1992,14.24705496
Central African Republic,1993,14.25763994
Central African Republic,1994,14.27046806
Central African Republic,1995,14.28141615
Central African Republic,1996,14.2932761
Central African Republic,1997,14.30779011
Central African Republic,1998,14.32400429
Central African Republic,1999,14.33812247
Central African Republic,2000,14.3478408
Central African Republic,2001,14.3532717
Central African Republic,2002,14.35925471
Central African Republic,2003,14.36598427
Central African Republic,2004,14.36831335
Central African Republic,2005,14.36814657
Central African Republic,2006,14.36052945
Central African Republic,2007,14.35030652
Central African Republic,2008,14.33993496
Central African Republic,2009,14.33265652
Central African Republic,2010,14.3362306
Central African Republic,2011,14.35604231
Central African Republic,2012,14.39617783
Central African Republic,2013,14.44672778
Central African Republic,2014,14.49693798
Central African Republic,2015,14.53901638
Central African Republic,2016,14.58091385
Central African Republic,2017,14.61354201
Central African Republic,2018,14.63652603
Central African Republic,2019,14.65020866
Central Asia,1990,10.84321092
Central Asia,1991,10.86643354
Central Asia,1992,10.89273937
Central Asia,1993,10.92050567
Central Asia,1994,10.95023172
Central Asia,1995,10.98214512
Central Asia,1996,11.0228219
Central Asia,1997,11.07277345
Central Asia,1998,11.1237015
Central Asia,1999,11.16325521
Central Asia,2000,11.18339298
Central Asia,2001,11.18160764
Central Asia,2002,11.16941973
Central Asia,2003,11.14932494
Central Asia,2004,11.12650105
Central Asia,2005,11.10300974
Central Asia,2006,11.06972832
Central Asia,2007,11.02409207
Central Asia,2008,10.97189307
Central Asia,2009,10.92277121
Central Asia,2010,10.88630989
Central Asia,2011,10.86006435
Central Asia,2012,10.83837174
Central Asia,2013,10.81949539
Central Asia,2014,10.80268812
Central Asia,2015,10.78637031
Central Asia,2016,10.76966121
Central Asia,2017,10.75803879
Central Asia,2018,10.74879247
Central Asia,2019,10.74573238
Central Europe,1990,11.31244835
Central Europe,1991,11.33157
Central Europe,1992,11.34382374
Central Europe,1993,11.35188091
Central Europe,1994,11.35587704
Central Europe,1995,11.35728879
Central Europe,1996,11.35576586
Central Europe,1997,11.34799281
Central Europe,1998,11.33508492
Central Europe,1999,11.3179163
Central Europe,2000,11.30158667
Central Europe,2001,11.2804039
Central Europe,2002,11.24878903
Central Europe,2003,11.2120732
Central Europe,2004,11.17739603
Central Europe,2005,11.15074475
Central Europe,2006,11.13021356
Central Europe,2007,11.11077767
Central Europe,2008,11.0933012
Central Europe,2009,11.07784871
Central Europe,2010,11.0634244
Central Europe,2011,11.0543666
Central Europe,2012,11.0474063
Central Europe,2013,11.04298961
Central Europe,2014,11.03744432
Central Europe,2015,11.029352
Central Europe,2016,11.02192195
Central Europe,2017,11.01541251
Central Europe,2018,11.02356117
Central Europe,2019,11.05044023
"Central Europe, Eastern Europe, and Central Asia",1990,11.52164749
"Central Europe, Eastern Europe, and Central Asia",1991,11.5508507
"Central Europe, Eastern Europe, and Central Asia",1992,11.57732157
"Central Europe, Eastern Europe, and Central Asia",1993,11.60216446
"Central Europe, Eastern Europe, and Central Asia",1994,11.62473577
"Central Europe, Eastern Europe, and Central Asia",1995,11.64432334
"Central Europe, Eastern Europe, and Central Asia",1996,11.66445366
"Central Europe, Eastern Europe, and Central Asia",1997,11.68454962
"Central Europe, Eastern Europe, and Central Asia",1998,11.7015745
"Central Europe, Eastern Europe, and Central Asia",1999,11.7111734
"Central Europe, Eastern Europe, and Central Asia",2000,11.7105359
"Central Europe, Eastern Europe, and Central Asia",2001,11.69337966
"Central Europe, Eastern Europe, and Central Asia",2002,11.66144318
"Central Europe, Eastern Europe, and Central Asia",2003,11.62141863
"Central Europe, Eastern Europe, and Central Asia",2004,11.57991116
"Central Europe, Eastern Europe, and Central Asia",2005,11.54381636
"Central Europe, Eastern Europe, and Central Asia",2006,11.5081222
"Central Europe, Eastern Europe, and Central Asia",2007,11.46739765
"Central Europe, Eastern Europe, and Central Asia",2008,11.4261428
"Central Europe, Eastern Europe, and Central Asia",2009,11.38908566
"Central Europe, Eastern Europe, and Central Asia",2010,11.36093367
"Central Europe, Eastern Europe, and Central Asia",2011,11.34423613
"Central Europe, Eastern Europe, and Central Asia",2012,11.33419751
"Central Europe, Eastern Europe, and Central Asia",2013,11.3282917
"Central Europe, Eastern Europe, and Central Asia",2014,11.32301473
"Central Europe, Eastern Europe, and Central Asia",2015,11.31404255
"Central Europe, Eastern Europe, and Central Asia",2016,11.30305368
"Central Europe, Eastern Europe, and Central Asia",2017,11.29276296
"Central Europe, Eastern Europe, and Central Asia",2018,11.28461315
"Central Europe, Eastern Europe, and Central Asia",2019,11.27890743
Central Latin America,1990,11.71266624
Central Latin America,1991,11.72971409
Central Latin America,1992,11.74809723
Central Latin America,1993,11.76781193
Central Latin America,1994,11.78940096
Central Latin America,1995,11.80825249
Central Latin America,1996,11.85742481
Central Latin America,1997,11.94899654
Central Latin America,1998,12.05832073
Central Latin America,1999,12.1616669
Central Latin America,2000,12.23313916
Central Latin America,2001,12.28437059
Central Latin America,2002,12.33964082
Central Latin America,2003,12.3933294
Central Latin America,2004,12.43708071
Central Latin America,2005,12.46487571
Central Latin America,2006,12.46330355
Central Latin America,2007,12.43468606
Central Latin America,2008,12.39598557
Central Latin America,2009,12.36327061
Central Latin America,2010,12.35370432
Central Latin America,2011,12.35579489
Central Latin America,2012,12.3485781
Central Latin America,2013,12.33857191
Central Latin America,2014,12.33409138
Central Latin America,2015,12.33721828
Central Latin America,2016,12.41411811
Central Latin America,2017,12.48964892
Central Latin America,2018,12.49749947
Central Latin America,2019,12.5026176
Central sub-Saharan Africa,1990,13.49182872
Central sub-Saharan Africa,1991,13.5115021
Central sub-Saharan Africa,1992,13.53408444
Central sub-Saharan Africa,1993,13.55580723
Central sub-Saharan Africa,1994,13.58034064
Central sub-Saharan Africa,1995,13.60963899
Central sub-Saharan Africa,1996,13.64172446
Central sub-Saharan Africa,1997,13.67979964
Central sub-Saharan Africa,1998,13.71390026
Central sub-Saharan Africa,1999,13.74765415
Central sub-Saharan Africa,2000,13.77381471
Central sub-Saharan Africa,2001,13.78938619
Central sub-Saharan Africa,2002,13.80386338
Central sub-Saharan Africa,2003,13.81255641
Central sub-Saharan Africa,2004,13.81369588
Central sub-Saharan Africa,2005,13.80779438
Central sub-Saharan Africa,2006,13.79704448
Central sub-Saharan Africa,2007,13.78169359
Central sub-Saharan Africa,2008,13.7624422
Central sub-Saharan Africa,2009,13.74866959
Central sub-Saharan Africa,2010,13.73867784
Central sub-Saharan Africa,2011,13.72542687
Central sub-Saharan Africa,2012,13.70244987
Central sub-Saharan Africa,2013,13.67105405
Central sub-Saharan Africa,2014,13.64090931
Central sub-Saharan Africa,2015,13.61840669
Central sub-Saharan Africa,2016,13.59428932
Central sub-Saharan Africa,2017,13.57700653
Central sub-Saharan Africa,2018,13.57050828
Central sub-Saharan Africa,2019,13.57221464
Asia,1990,12.53574824
Asia,1991,12.59900386
Asia,1992,12.65110448
Asia,1993,12.6907664
Asia,1994,12.71402378
Asia,1995,12.71877602
Asia,1996,12.70512589
Asia,1997,12.6789938
Asia,1998,12.64712116
Asia,1999,12.61698704
Asia,2000,12.59593652
Asia,2001,12.58319355
Asia,2002,12.57153613
Asia,2003,12.56087101
Asia,2004,12.55081348
Asia,2005,12.54147188
Asia,2006,12.517507
Asia,2007,12.47416438
Asia,2008,12.42451832
Asia,2009,12.38190751
Asia,2010,12.35921939
Asia,2011,12.35129186
Asia,2012,12.34351426
Asia,2013,12.33752211
Asia,2014,12.33441698
Asia,2015,12.3356622
Asia,2016,12.34982619
Asia,2017,12.3649713
Asia,2018,12.35524923
Asia,2019,12.32385903
Australasia,1990,18.58349549
Australasia,1991,18.6151321
Australasia,1992,18.63892508
Australasia,1993,18.65537553
Australasia,1994,18.65968184
Australasia,1995,18.66118951
Australasia,1996,18.61955348
Australasia,1997,18.53277699
Australasia,1998,18.44092838
Australasia,1999,18.37977328
Australasia,2000,18.38054207
Australasia,2001,18.49367733
Australasia,2002,18.70945
Australasia,2003,18.95546234
Australasia,2004,19.16916722
Australasia,2005,19.2760933
Australasia,2006,19.2911063
Australasia,2007,19.28784106
Australasia,2008,19.27601306
Australasia,2009,19.25448858
Australasia,2010,19.23909095
Australasia,2011,19.20912711
Australasia,2012,19.15933738
Australasia,2013,19.10103981
Australasia,2014,19.04527322
Australasia,2015,19.01584582
Australasia,2016,18.98679195
Australasia,2017,18.97376174
Australasia,2018,19.06787546
Australasia,2019,19.30001277
Andean Latin America,1990,14.18420806
Andean Latin America,1991,14.1785098
Andean Latin America,1992,14.17222609
Andean Latin America,1993,14.168493
Andean Latin America,1994,14.16817815
Andean Latin America,1995,14.16970582
Andean Latin America,1996,14.17177631
Andean Latin America,1997,14.17622763
Andean Latin America,1998,14.1759088
Andean Latin America,1999,14.1758555
Andean Latin America,2000,14.17590778
Andean Latin America,2001,14.17934048
Andean Latin America,2002,14.18875372
Andean Latin America,2003,14.20594504
Andean Latin America,2004,14.21942523
Andean Latin America,2005,14.22624167
Andean Latin America,2006,14.22247723
Andean Latin America,2007,14.21256317
Andean Latin America,2008,14.20343284
Andean Latin America,2009,14.19813892
Andean Latin America,2010,14.19784898
Andean Latin America,2011,14.20840241
Andean Latin America,2012,14.22394251
Andean Latin America,2013,14.24427899
Andean Latin America,2014,14.25810897
Andean Latin America,2015,14.26602627
Andean Latin America,2016,14.26623246
Andean Latin America,2017,14.26385947
Andean Latin America,2018,14.25902699
Andean Latin America,2019,14.24868358
America,1990,14.37268633
America,1991,14.44026367
America,1992,14.50904067
America,1993,14.57440087
America,1994,14.6332438
America,1995,14.68044078
America,1996,14.79143059
America,1997,14.99793906
America,1998,15.23720941
America,1999,15.44828909
America,2000,15.56915028
America,2001,15.61676185
America,2002,15.64703104
America,2003,15.66158482
America,2004,15.66217595
America,2005,15.64802611
America,2006,15.61723687
America,2007,15.57011058
America,2008,15.51624357
America,2009,15.46364165
America,2010,15.42162052
America,2011,15.35315189
America,2012,15.23509019
America,2013,15.10459965
America,2014,14.9968782
America,2015,14.94653831
America,2016,14.96550968
America,2017,14.99114636
America,2018,15.04199441
America,2019,15.14687903
Africa,1990,12.9942043
Africa,1991,12.99583605
Africa,1992,12.99648076
Africa,1993,12.99580306
Africa,1994,12.9954892
Africa,1995,12.9946051
Africa,1996,12.99554848
Africa,1997,12.998774
Africa,1998,13.00085438
Africa,1999,13.00139894
Africa,2000,12.99621461
Africa,2001,12.98598162
Africa,2002,12.97064083
Africa,2003,12.95384908
Africa,2004,12.93626411
Africa,2005,12.9186837
Africa,2006,12.90218034
Africa,2007,12.88590344
Africa,2008,12.867775
Africa,2009,12.84653354
Africa,2010,12.81979515
Africa,2011,12.78897703
Africa,2012,12.75843111
Africa,2013,12.72905977
Africa,2014,12.704789
Africa,2015,12.68946432
Africa,2016,12.68477406
Africa,2017,12.68156792
Africa,2018,12.67501521
Africa,2019,12.66947478
African Region,1990,12.41119132
African Region,1991,12.41339121
African Region,1992,12.41523945
African Region,1993,12.41794382
African Region,1994,12.42370678
African Region,1995,12.43051438
African Region,1996,12.44681138
African Region,1997,12.47470199
African Region,1998,12.5040783
African Region,1999,12.52844909
African Region,2000,12.53742157
African Region,2001,12.53328823
African Region,2002,12.52369598
African Region,2003,12.51165288
African Region,2004,12.49849243
African Region,2005,12.48525092
African Region,2006,12.46963557
African Region,2007,12.44766319
African Region,2008,12.42105058
African Region,2009,12.39286331
African Region,2010,12.36421223
African Region,2011,12.33181876
African Region,2012,12.29505756
African Region,2013,12.25881001
African Region,2014,12.23032135
African Region,2015,12.21522734
African Region,2016,12.21721557
African Region,2017,12.22118727
African Region,2018,12.21776719
African Region,2019,12.21142442
African Union,1990,12.9942043
African Union,1991,12.99583605
African Union,1992,12.99648076
African Union,1993,12.99580306
African Union,1994,12.9954892
African Union,1995,12.9946051
African Union,1996,12.99554848
African Union,1997,12.998774
African Union,1998,13.00085438
African Union,1999,13.00139894
African Union,2000,12.99621461
African Union,2001,12.98598162
African Union,2002,12.97064083
African Union,2003,12.95384908
African Union,2004,12.93626411
African Union,2005,12.9186837
African Union,2006,12.90218034
African Union,2007,12.88590344
African Union,2008,12.867775
African Union,2009,12.84653354
African Union,2010,12.81979515
African Union,2011,12.78897703
African Union,2012,12.75843111
African Union,2013,12.72905977
African Union,2014,12.704789
African Union,2015,12.68946432
African Union,2016,12.68477406
African Union,2017,12.68156792
African Union,2018,12.67501521
African Union,2019,12.66947478
Wales,1990,14.80462217
Wales,1991,14.76267842
Wales,1992,14.71971068
Wales,1993,14.6841091
Wales,1994,14.65436087
Wales,1995,14.62853407
Wales,1996,14.60644992
Wales,1997,14.58464355
Wales,1998,14.57002719
Wales,1999,14.55504164
Wales,2000,14.53844295
Wales,2001,14.50922333
Wales,2002,14.46045522
Wales,2003,14.40585827
Wales,2004,14.36337365
Wales,2005,14.34417295
Wales,2006,14.34094823
Wales,2007,14.34466374
Wales,2008,14.35642808
Wales,2009,14.36187335
Wales,2010,14.36894648
Wales,2011,14.37596555
Wales,2012,14.39429287
Wales,2013,14.41401035
Wales,2014,14.43126552
Wales,2015,14.44054118
Wales,2016,14.42983746
Wales,2017,14.41361584
Wales,2018,14.42125016
Wales,2019,14.43710378
Scotland,1990,14.26940589
Scotland,1991,14.16820072
Scotland,1992,14.07388534
Scotland,1993,13.99557071
Scotland,1994,13.9390179
Scotland,1995,13.91096818
Scotland,1996,13.90308388
Scotland,1997,13.89860783
Scotland,1998,13.89303362
Scotland,1999,13.88808726
Scotland,2000,13.8801148
Scotland,2001,13.86550685
Scotland,2002,13.84525065
Scotland,2003,13.82595167
Scotland,2004,13.80799144
Scotland,2005,13.79646272
Scotland,2006,13.80081465
Scotland,2007,13.82106995
Scotland,2008,13.85187629
Scotland,2009,13.88252501
Scotland,2010,13.90461827
Scotland,2011,13.92565782
Scotland,2012,13.95342676
Scotland,2013,13.97617886
Scotland,2014,13.98701994
Scotland,2015,13.98248116
Scotland,2016,13.93306692
Scotland,2017,13.89134744
Scotland,2018,13.90011995
Scotland,2019,13.94262129
